gender,NationalITy,PlaceofBirth,StageID,GradeID,SectionID,Topic,Semester,Relation,raisedhands,VisITedResources,AnnouncementsView,Discussion,ParentAnsweringSurvey,ParentschoolSatisfaction,StudentAbsenceDays,Class,TotalEngagement
1,4,4,2,1,0,7,0,0,15,16,2,20,1,1,1,2,53
1,4,4,2,1,0,7,0,0,20,20,3,25,1,1,1,2,68
1,4,4,2,1,0,7,0,0,10,7,0,30,0,0,0,1,47
1,4,4,2,1,0,7,0,0,30,25,5,35,0,0,0,1,95
1,4,4,2,1,0,7,0,0,40,50,12,50,0,0,0,2,152
0,4,4,2,1,0,7,0,0,42,30,13,70,1,0,0,2,155
1,4,4,1,4,0,8,0,0,35,12,0,17,0,0,0,1,64
1,4,4,1,4,0,8,0,0,50,10,15,22,1,1,1,2,97
0,4,4,1,4,0,8,0,0,12,21,16,50,1,1,1,2,99
0,4,4,1,4,1,7,0,0,70,80,25,70,1,1,1,2,245
1,4,4,1,4,0,8,0,0,50,88,30,80,1,1,1,0,248
1,4,4,1,4,1,8,0,0,19,6,19,12,1,1,1,2,56
1,4,4,2,1,0,7,0,0,5,1,0,11,0,0,0,1,17
1,5,5,1,5,0,8,0,0,20,14,12,19,0,0,0,1,65
0,4,4,1,5,0,8,0,1,62,70,44,60,0,0,0,0,236
0,4,4,1,3,0,7,0,0,30,40,22,66,1,1,1,2,158
1,4,4,1,4,1,7,0,0,36,30,20,80,0,0,0,2,166
1,4,4,1,4,0,8,0,0,55,13,35,90,0,0,0,2,193
0,4,4,1,4,0,7,0,1,69,15,36,96,1,1,1,2,216
1,4,4,1,4,1,7,0,1,70,50,40,99,1,1,1,0,259
0,4,4,1,4,0,7,0,0,60,60,33,90,0,0,0,2,243
0,4,4,1,4,1,7,0,0,10,12,4,80,0,0,1,2,106
1,4,4,1,4,0,7,0,0,15,21,2,90,0,0,1,2,128
1,4,4,1,4,0,7,0,0,2,0,2,50,0,0,0,1,54
1,4,4,1,4,1,7,0,0,0,2,3,70,1,1,0,1,75
1,4,4,1,4,0,7,0,0,8,7,30,40,1,1,0,1,85
1,4,4,1,4,1,7,0,0,19,19,25,40,1,0,1,2,103
1,4,4,1,5,0,0,0,0,25,15,12,33,0,0,0,1,85
1,4,4,1,5,0,10,0,0,75,85,52,43,1,1,1,2,255
0,4,4,1,5,0,0,0,0,30,90,33,35,0,0,1,2,188
0,4,4,1,5,0,0,0,0,35,80,50,70,1,1,1,0,235
1,4,4,1,4,0,7,0,0,4,5,40,16,1,1,0,1,65
0,4,4,2,4,0,7,0,0,2,19,10,50,1,1,0,1,81
1,4,4,2,2,0,3,0,0,8,22,9,40,0,0,0,1,79
1,4,4,1,4,1,10,0,0,12,11,8,40,0,0,0,1,71
1,4,4,1,4,0,3,0,0,10,12,17,30,0,0,0,1,69
1,4,4,1,4,1,10,0,1,8,6,4,22,1,1,0,1,40
0,0,0,1,4,0,7,0,0,45,54,26,90,1,1,1,2,215
1,4,4,1,3,0,7,0,0,0,0,0,4,0,0,0,1,4
0,9,9,1,4,1,10,0,0,50,90,37,70,1,1,1,2,247
0,4,4,1,4,0,7,0,0,14,13,3,70,0,0,0,1,100
1,4,4,1,4,0,7,0,0,19,20,16,50,0,1,1,2,105
1,4,4,0,6,0,7,0,0,10,12,7,33,1,1,0,1,62
0,4,4,0,6,0,7,0,0,30,35,28,90,1,1,1,2,183
0,4,4,0,6,0,7,0,0,33,33,30,90,0,0,1,2,186
1,4,4,1,4,0,9,0,0,20,12,15,70,0,1,0,1,117
1,4,4,2,2,0,3,0,0,7,10,1,30,0,0,0,1,48
0,4,4,0,9,0,3,0,1,70,4,39,90,1,1,1,0,203
0,4,4,0,9,0,3,0,1,13,80,40,88,1,1,1,0,221
0,4,4,0,9,0,3,0,0,29,39,50,77,1,1,1,2,195
0,4,4,0,9,0,3,0,0,20,14,12,70,0,0,0,1,116
1,4,4,0,9,0,3,0,0,39,15,16,50,0,1,0,1,120
0,4,4,0,9,0,3,0,0,55,90,16,40,0,0,1,2,201
0,4,4,0,8,0,10,0,1,49,70,19,75,1,1,1,0,213
1,4,4,0,9,0,3,0,1,12,50,8,30,0,0,0,1,100
1,4,4,1,4,0,8,0,0,16,14,6,20,1,1,0,1,56
1,12,12,1,5,1,8,0,0,19,5,4,1,1,1,0,1,29
1,4,4,1,4,0,8,0,0,5,2,6,5,1,1,0,1,18
1,4,4,1,4,0,8,0,0,28,60,19,50,1,1,1,2,157
0,12,12,1,4,0,8,0,0,27,22,22,40,0,1,1,2,111
0,3,3,2,2,0,3,0,1,21,10,28,20,0,1,0,1,79
1,4,4,0,7,0,7,0,0,50,70,32,40,1,1,1,2,192
1,13,13,0,7,0,7,0,1,80,90,70,80,1,1,1,0,320
1,4,4,0,7,0,7,0,0,17,13,16,12,1,0,1,2,58
1,4,4,0,7,0,7,0,0,0,5,7,2,0,0,0,1,14
1,4,4,0,9,0,3,0,0,13,5,18,19,0,0,0,1,55
0,4,4,0,9,0,3,0,0,25,10,19,30,0,0,0,2,84
0,12,12,0,9,0,3,0,1,65,75,23,80,1,1,1,0,243
0,12,12,0,9,0,7,0,1,70,69,35,30,1,1,1,0,204
1,3,3,1,4,0,7,0,0,39,40,11,33,0,0,1,2,123
1,3,3,1,4,0,7,0,0,22,30,10,12,1,1,0,1,74
1,4,4,1,4,0,7,0,0,29,22,9,20,1,1,1,2,80
1,4,4,1,4,0,8,0,0,11,2,2,8,0,0,1,1,23
0,4,4,1,4,0,3,0,0,19,30,26,19,1,0,0,2,94
1,4,4,1,4,1,7,0,0,12,0,6,13,0,0,1,1,31
1,3,3,1,4,0,9,0,1,50,90,29,60,1,1,1,2,229
1,1,1,0,6,0,7,0,1,15,70,37,44,1,1,1,2,166
1,4,4,0,6,0,7,0,0,20,80,33,33,1,1,1,2,166
1,4,4,0,8,0,9,0,0,13,3,11,9,0,0,0,1,36
0,5,5,1,4,1,8,0,1,80,90,49,55,1,0,1,0,274
1,4,4,1,4,0,8,0,0,8,15,10,40,1,0,1,1,73
1,4,4,2,0,0,7,0,0,8,25,1,70,0,0,0,1,104
1,4,4,2,0,1,7,0,0,7,5,2,80,1,1,0,1,94
1,4,4,2,0,1,7,0,0,7,4,10,50,0,1,0,2,71
1,4,4,2,0,1,7,0,0,50,70,50,10,1,1,0,0,180
1,4,4,2,0,1,7,0,0,1,0,1,12,0,0,0,1,14
1,9,9,2,0,1,7,0,0,70,12,40,50,1,1,1,0,172
1,4,4,2,0,1,7,0,0,19,70,3,50,0,0,1,1,142
0,4,4,2,0,1,7,0,0,3,12,4,33,0,0,1,1,52
1,4,4,2,0,1,7,0,0,5,20,1,50,1,1,0,1,76
1,4,4,2,0,1,7,0,0,4,8,10,60,1,1,0,1,82
1,4,4,2,0,1,7,0,0,80,90,55,19,1,1,1,0,244
0,4,4,2,0,1,7,0,0,50,70,19,15,1,1,1,0,154
1,12,12,2,0,1,7,0,0,55,89,40,40,1,1,1,0,224
0,4,4,2,0,1,7,0,0,80,44,35,10,0,1,0,1,169
0,4,4,2,0,1,7,0,0,100,80,2,70,0,0,1,0,252
0,4,4,2,0,2,7,0,0,14,60,11,75,1,1,1,0,160
0,4,4,2,0,1,7,0,0,6,2,38,12,0,0,1,2,58
0,4,4,2,0,2,7,0,0,10,3,0,30,0,0,1,2,43
1,4,4,2,0,1,7,0,0,50,7,9,50,1,0,0,2,116
1,4,4,2,0,1,7,0,0,50,90,40,90,1,0,1,2,270
0,4,4,2,0,1,7,0,1,70,92,50,7,1,1,1,0,219
0,4,4,2,0,1,7,0,0,2,6,2,8,0,0,0,1,18
1,4,4,2,0,1,7,0,0,1,7,6,10,0,0,0,1,24
1,4,4,2,0,1,7,0,0,0,12,3,3,1,1,0,2,18
0,4,4,2,0,1,7,0,0,0,0,5,80,1,1,0,1,85
0,4,4,2,0,1,7,0,0,12,26,7,40,1,1,1,2,85
1,4,4,2,0,1,7,0,0,70,90,41,33,1,0,1,0,234
1,9,9,2,0,1,7,0,0,7,12,5,3,0,0,0,2,27
1,4,4,2,0,1,7,0,0,90,70,30,14,0,0,1,2,204
0,3,3,2,0,1,7,0,1,70,88,55,40,1,1,1,0,253
1,4,4,2,0,2,7,0,0,77,80,51,80,0,1,1,2,288
1,4,4,2,0,1,7,0,0,2,5,3,50,0,0,0,1,60
1,4,4,2,0,1,7,0,0,25,27,0,69,0,0,0,1,121
1,4,4,2,0,1,7,0,0,11,2,0,50,0,0,0,1,63
1,4,4,2,0,1,7,0,0,0,8,11,70,1,1,0,1,89
0,4,4,2,0,2,7,0,1,77,80,12,19,1,1,0,2,188
0,4,4,2,0,2,7,0,1,25,29,40,17,0,1,1,0,111
0,4,4,2,0,2,7,0,1,24,35,23,22,1,1,0,2,104
1,4,4,2,0,2,7,0,0,60,60,3,60,0,0,1,2,183
1,4,4,2,0,2,7,0,1,21,12,0,50,1,1,1,2,83
1,4,4,2,0,2,7,0,1,0,4,8,30,0,0,0,1,42
0,4,4,2,0,1,7,0,0,66,90,55,12,1,1,0,2,223
0,5,5,2,0,1,7,0,0,70,98,7,5,1,1,1,2,180
1,4,4,2,0,2,7,0,0,0,6,4,15,1,0,1,1,25
1,4,4,2,0,1,7,0,0,12,30,0,17,0,1,0,1,59
0,1,1,2,0,2,7,0,0,2,9,7,55,1,1,1,2,73
1,4,4,2,0,1,7,0,0,55,33,6,9,0,0,0,1,103
1,4,4,2,0,2,7,0,0,12,10,20,16,0,0,1,1,58
1,4,4,2,0,1,7,0,0,70,90,2,2,1,1,1,1,164
0,4,4,2,0,2,7,0,0,7,9,5,30,0,0,0,1,51
1,3,3,2,0,2,7,0,0,80,42,20,50,1,1,1,2,192
1,4,4,2,0,2,7,1,0,0,3,10,3,0,0,0,1,16
1,4,4,2,0,0,7,1,0,12,60,0,70,1,1,0,1,142
1,4,4,1,4,0,9,1,0,80,80,15,70,1,1,1,0,245
0,0,0,1,4,0,9,1,1,70,80,95,70,1,1,1,0,315
0,4,12,0,8,0,9,1,1,70,80,95,70,1,1,1,0,315
0,4,12,0,8,0,9,0,1,60,80,50,40,0,0,1,2,230
0,3,0,1,4,0,9,0,1,100,80,95,90,0,0,1,0,365
1,3,12,1,4,0,9,0,1,100,85,85,70,0,0,1,2,340
1,11,11,1,4,0,9,0,0,10,60,5,20,1,0,0,1,95
1,11,11,1,4,0,9,1,0,19,65,50,10,0,0,0,1,144
1,11,11,1,4,0,9,1,0,10,75,55,11,1,1,1,2,151
1,4,4,1,4,0,9,1,0,80,90,55,19,1,1,1,0,244
1,4,4,1,4,0,9,1,0,10,10,15,19,0,0,0,1,54
1,11,9,1,4,0,9,1,0,70,75,55,11,1,0,1,2,211
0,5,5,1,4,0,9,1,1,100,75,50,70,1,1,1,0,295
0,5,5,1,4,0,9,1,0,10,79,30,30,0,0,1,2,149
0,3,3,1,4,0,9,1,0,60,55,30,40,0,0,1,2,185
0,3,5,1,4,0,9,1,1,100,75,50,70,1,0,1,0,295
1,9,9,0,8,0,9,1,0,80,80,51,59,1,1,1,0,270
1,9,12,0,8,0,10,1,0,23,63,71,89,1,1,1,2,246
0,9,12,0,8,1,10,1,0,100,91,98,40,1,0,1,0,329
1,9,12,0,8,1,11,1,0,10,51,40,40,0,0,0,1,141
1,9,12,0,8,1,3,1,0,70,50,33,41,0,0,0,2,194
1,9,12,0,8,1,8,1,0,70,58,73,91,1,0,1,0,292
0,11,12,0,8,1,4,1,0,70,50,30,49,1,1,1,2,199
1,11,11,0,8,1,10,1,0,70,50,33,40,0,1,1,2,193
1,11,4,1,4,1,10,1,0,22,51,48,10,0,0,0,1,131
0,4,4,1,4,1,10,1,0,62,68,48,80,1,1,1,2,258
0,3,3,1,4,1,10,1,1,82,89,58,50,1,1,1,0,279
1,3,3,1,4,1,10,1,1,72,80,58,66,0,0,1,2,276
0,3,3,2,0,1,4,1,1,70,82,3,73,0,0,1,0,228
0,3,12,2,0,1,4,1,1,60,82,93,43,0,0,0,2,278
1,3,3,2,0,1,4,1,1,55,72,83,14,1,1,0,2,224
0,7,7,2,0,1,4,1,1,72,65,73,66,1,1,1,0,276
1,4,4,2,0,1,4,1,1,51,82,53,43,0,0,1,2,229
1,11,11,2,0,1,4,1,1,80,92,83,43,1,1,1,0,298
1,4,4,2,0,1,4,1,1,60,52,23,33,1,1,1,0,168
1,4,4,2,0,1,4,1,1,30,12,29,23,0,0,1,2,94
1,4,4,2,0,1,4,1,0,40,62,83,33,1,1,1,0,218
1,4,4,2,0,1,4,1,1,60,52,23,33,0,1,1,2,168
1,1,1,2,0,1,4,1,1,20,22,53,13,0,1,0,1,108
1,10,10,2,0,1,4,1,1,20,52,23,33,1,1,0,1,128
0,3,3,2,0,1,4,1,0,50,62,73,43,1,0,0,2,228
1,1,1,2,0,1,4,1,0,10,2,13,53,0,0,0,1,78
1,11,11,2,0,1,4,1,1,60,52,23,33,1,0,1,0,168
0,12,12,2,0,1,4,1,1,15,52,83,11,1,0,1,2,161
0,5,5,2,0,1,4,1,1,80,42,33,13,1,0,1,0,168
1,5,5,2,0,1,4,1,1,40,51,20,33,0,0,1,2,144
0,9,9,2,0,1,4,1,0,60,70,63,93,1,0,1,0,286
1,3,3,2,0,1,4,1,0,50,62,13,33,0,0,0,1,158
1,4,4,1,5,0,0,1,1,85,75,62,53,1,0,1,0,275
0,5,5,1,5,0,0,1,0,25,15,32,53,0,0,1,2,125
1,5,5,1,5,0,0,1,1,10,35,30,13,0,0,0,1,88
1,5,3,1,5,0,0,1,1,87,65,82,33,1,1,1,0,267
1,4,4,1,5,0,0,1,1,85,15,22,53,1,1,1,2,175
0,4,4,1,5,0,0,1,0,80,71,52,51,1,1,1,2,254
1,4,4,1,5,0,0,1,1,75,71,72,53,1,1,1,0,271
0,4,4,1,5,0,0,1,0,85,66,12,23,0,0,1,2,186
1,4,4,1,5,0,0,1,0,23,25,32,53,0,0,1,1,133
1,4,4,1,5,0,0,1,0,15,25,37,13,1,1,0,1,90
1,4,4,1,5,0,0,1,1,95,91,62,53,1,1,1,2,301
1,7,7,1,5,0,0,1,1,81,75,62,53,0,0,1,2,271
1,7,7,1,5,0,0,1,1,53,75,72,23,0,0,1,2,223
1,4,4,1,5,0,0,1,0,15,43,42,33,1,1,1,2,133
1,4,4,1,5,0,0,1,1,92,65,62,53,1,1,1,0,272
1,4,4,1,5,0,0,1,1,83,75,62,53,0,0,1,0,273
1,7,7,1,5,1,0,1,0,27,15,42,53,0,0,0,1,137
1,4,4,1,5,1,0,1,0,45,95,12,13,0,0,1,2,165
1,4,4,1,5,1,0,1,1,15,90,52,83,1,0,1,0,240
0,5,5,1,5,0,0,1,1,45,58,52,43,1,1,1,0,198
1,4,4,1,5,1,0,1,0,25,5,12,33,1,1,1,2,75
0,4,4,1,5,1,0,1,0,22,51,42,40,1,0,1,2,155
1,3,3,1,5,1,0,1,0,29,10,12,24,0,0,0,1,75
0,9,9,1,5,1,0,1,1,72,51,42,24,1,0,0,0,189
1,4,4,1,5,1,0,1,0,67,31,42,14,1,1,1,2,154
1,4,4,1,5,2,11,1,0,17,21,42,14,1,1,1,2,94
1,11,11,1,5,2,11,1,1,27,41,49,14,0,0,1,2,131
1,4,4,1,5,2,11,1,0,70,81,39,84,0,0,1,2,274
1,3,9,1,5,2,11,1,1,27,90,82,14,1,1,1,0,213
1,4,4,1,5,2,11,1,0,17,61,42,14,0,0,1,2,134
1,11,11,1,5,2,11,1,1,87,81,42,19,1,1,1,0,229
1,11,11,1,5,2,11,1,0,7,61,22,14,0,0,0,1,104
1,4,4,1,5,2,11,1,0,17,50,2,4,0,0,0,1,73
1,4,4,1,5,2,11,1,0,5,21,42,14,0,1,0,1,82
1,1,1,1,5,2,11,1,1,27,41,32,61,1,0,0,2,161
0,3,4,1,5,2,11,1,0,87,88,40,10,1,1,1,2,225
1,4,4,1,5,2,11,1,1,96,61,42,94,1,0,1,0,293
1,4,4,1,5,2,11,1,1,57,51,46,34,1,1,1,2,188
1,5,5,1,5,2,11,1,0,77,69,41,13,1,1,1,2,200
1,5,5,1,5,2,11,1,0,80,51,40,24,0,1,1,2,195
1,4,4,1,5,1,11,1,0,62,61,82,40,1,0,1,2,245
1,4,4,1,5,0,11,1,1,72,83,12,90,1,1,1,0,257
1,4,4,1,5,1,11,1,1,87,81,22,70,1,0,1,0,260
1,4,4,1,5,0,11,1,1,72,90,12,30,0,0,1,2,204
1,4,4,1,5,1,11,1,0,2,11,62,30,0,0,1,1,105
1,4,4,1,5,0,11,1,0,5,3,2,10,1,1,1,1,20
1,4,4,0,8,1,8,1,1,73,84,77,81,1,1,0,0,315
1,4,4,1,5,0,11,1,0,5,17,21,10,0,0,0,1,53
1,1,1,1,5,0,11,1,1,51,42,12,29,0,0,0,2,134
1,10,3,1,5,0,11,1,0,9,7,21,20,1,1,0,1,57
1,10,10,1,4,0,9,0,0,19,72,15,50,1,1,0,2,156
0,3,3,1,4,1,10,1,1,32,80,58,46,1,1,0,2,216
1,4,4,1,4,1,10,1,1,32,60,58,66,1,1,0,2,216
1,4,4,1,4,1,10,1,0,12,8,18,26,0,0,0,1,64
1,3,3,1,4,1,10,1,0,52,10,13,6,0,0,0,1,81
1,4,4,1,4,1,10,1,0,72,80,58,66,1,1,0,2,276
0,4,4,1,4,1,10,1,1,72,80,58,66,1,1,0,2,276
1,0,0,1,4,1,10,1,1,92,80,88,76,1,1,1,0,336
1,4,4,1,4,1,10,1,1,72,80,98,96,1,0,1,0,346
1,0,0,1,4,1,10,1,0,72,80,58,86,1,1,1,2,296
1,4,4,1,4,1,10,1,0,22,20,18,6,0,0,0,1,66
1,0,4,1,4,1,10,1,0,12,20,38,46,0,0,0,2,116
1,4,4,1,4,1,7,1,1,70,92,83,85,1,0,1,0,330
0,4,4,1,3,0,7,1,0,50,40,52,66,1,0,1,2,208
0,4,4,1,3,0,10,1,0,80,94,62,77,1,1,1,0,313
0,4,4,1,3,0,8,1,0,87,48,82,96,0,0,0,2,313
0,4,4,1,3,0,9,1,0,70,40,2,16,0,0,0,1,128
1,4,4,2,1,0,7,1,0,65,86,62,40,0,1,0,2,253
1,4,4,2,1,0,8,1,0,15,6,32,40,1,1,1,0,93
1,0,0,2,1,0,3,1,1,19,74,32,17,0,1,0,1,142
0,4,4,2,1,0,10,1,0,69,76,82,94,0,0,1,2,321
1,4,4,2,1,0,0,1,0,39,26,12,44,0,0,0,1,121
1,4,4,2,1,0,3,1,0,59,97,42,70,1,1,1,0,268
1,4,4,2,1,0,6,1,0,10,17,12,40,1,1,1,0,79
0,4,4,2,1,0,6,1,1,80,87,72,60,0,1,1,0,299
0,4,4,2,1,0,6,1,0,70,99,66,65,0,1,1,2,300
0,4,4,2,1,0,6,1,0,80,97,86,95,1,1,1,2,358
1,4,4,2,1,0,3,1,1,69,34,12,17,0,0,0,1,132
1,4,4,2,1,0,6,1,0,10,17,12,14,0,0,0,1,53
1,4,4,2,1,0,6,1,0,61,97,82,64,1,0,0,2,304
0,4,4,2,1,0,6,1,1,21,27,52,34,1,1,0,2,134
1,0,0,2,1,0,8,1,1,49,94,42,7,0,0,0,2,192
0,3,3,1,3,0,3,0,1,70,64,42,32,0,0,1,2,208
0,3,3,1,3,0,3,1,1,79,84,82,37,0,0,1,0,282
1,3,3,1,3,0,3,0,0,19,80,12,17,1,1,0,2,128
1,3,3,1,3,0,3,1,0,11,70,32,29,1,1,0,2,142
1,3,3,1,3,0,3,0,0,10,8,10,10,1,0,0,2,38
1,3,3,1,3,0,3,1,0,18,28,40,20,1,0,0,2,106
0,3,3,1,3,0,3,0,1,90,84,52,30,0,1,1,0,256
0,3,3,1,3,0,3,1,1,92,81,32,36,0,1,1,2,241
1,3,3,1,3,0,3,0,0,42,21,2,16,0,0,1,2,81
1,3,3,1,3,0,3,1,0,22,20,6,26,0,0,1,0,74
0,5,5,1,3,0,3,0,1,95,82,82,70,1,1,1,0,329
0,5,5,1,3,0,3,1,1,90,62,80,60,1,1,1,0,292
1,8,3,1,3,0,3,0,1,72,21,22,26,1,1,1,0,141
1,8,3,1,3,0,3,1,1,92,31,42,27,1,1,1,0,192
1,8,3,1,3,0,3,0,1,82,31,52,25,0,1,1,2,190
1,8,3,1,3,0,3,1,1,72,41,46,27,0,1,1,2,186
1,2,2,1,3,0,3,0,1,74,71,56,37,0,1,1,0,238
1,2,2,1,3,0,3,1,1,74,60,56,37,0,1,1,0,227
0,3,3,1,3,0,3,0,1,95,94,72,80,0,1,1,0,341
0,3,3,1,3,0,3,1,1,97,87,82,86,0,1,1,0,352
1,3,3,1,3,0,3,0,0,40,38,32,36,0,0,0,2,146
1,3,3,1,3,0,3,1,0,41,39,35,39,1,0,0,2,154
0,3,3,1,3,0,3,0,1,51,79,85,89,1,1,1,0,304
0,3,3,1,3,0,3,1,1,81,79,91,85,1,1,1,0,336
1,8,3,1,3,0,3,0,1,71,70,65,69,1,1,1,2,275
1,8,3,1,3,0,3,1,1,75,71,76,80,1,1,1,2,302
0,3,3,2,1,0,10,0,0,49,36,32,44,0,0,0,1,161
0,3,3,2,1,0,10,1,0,42,24,12,24,0,0,0,1,102
0,8,8,2,1,0,10,0,1,90,86,82,74,1,1,1,0,332
0,8,8,2,1,0,10,1,1,62,64,72,84,1,1,1,0,282
1,2,2,2,1,0,10,0,0,90,86,82,74,1,1,0,2,332
1,2,2,2,1,0,10,1,0,62,64,72,84,1,1,0,2,282
0,3,3,2,1,0,10,0,1,98,87,86,84,0,1,1,0,355
0,3,3,2,1,0,10,1,1,72,74,82,89,0,1,1,0,317
1,3,3,2,1,0,10,0,0,18,17,26,34,0,1,0,2,95
1,3,3,2,1,0,10,1,0,32,14,32,29,0,1,0,2,107
1,3,3,2,1,0,10,0,0,10,12,20,13,0,0,0,1,55
1,3,3,2,1,0,10,1,0,22,34,15,9,0,0,0,1,80
0,3,3,2,1,1,10,0,1,11,20,21,23,0,0,1,2,75
0,3,3,2,1,1,10,1,1,12,44,25,39,0,0,1,2,120
0,3,3,2,1,1,10,0,0,15,50,24,43,1,0,1,2,132
0,3,3,2,1,1,10,1,0,32,44,29,89,1,0,1,2,194
1,3,3,2,1,1,10,0,1,65,59,74,83,1,1,1,0,281
1,3,3,2,1,1,10,1,1,72,64,59,89,1,1,1,0,284
1,8,3,2,1,1,10,0,1,95,57,74,89,1,1,0,2,315
1,8,3,2,1,1,10,1,1,82,84,79,79,1,1,0,2,324
1,3,3,2,1,1,10,0,0,25,29,34,33,0,1,0,2,121
1,3,3,2,1,1,10,1,0,42,34,29,39,0,1,0,2,144
0,3,3,2,1,1,10,0,1,55,79,44,43,1,1,1,0,221
0,3,3,2,1,1,10,1,1,62,64,69,49,1,1,1,0,244
0,3,5,2,1,1,10,0,1,78,88,74,83,1,1,1,0,323
0,3,5,2,1,1,10,1,1,72,84,89,89,1,1,1,0,334
1,3,3,2,0,0,4,0,1,60,92,83,23,1,1,1,0,258
1,3,3,2,0,0,4,1,1,50,90,83,13,1,1,1,0,236
0,3,3,2,0,0,4,0,1,60,97,13,3,1,1,1,0,173
0,3,3,2,0,0,4,1,1,50,95,23,10,1,1,1,0,178
0,3,3,2,0,0,4,0,1,60,87,23,11,1,1,0,2,181
0,3,3,2,0,0,4,1,1,50,80,20,15,1,1,0,2,165
1,3,3,2,0,0,4,0,0,10,15,10,21,0,0,0,1,56
1,3,3,2,0,0,4,1,0,30,10,20,5,0,0,0,1,65
1,10,10,2,0,0,4,0,0,24,35,18,31,0,0,1,2,108
1,10,10,2,0,0,4,1,0,27,20,33,35,0,0,1,2,115
0,3,8,2,0,0,4,0,1,80,77,63,83,1,1,1,2,303
0,3,8,2,0,0,4,1,1,75,85,73,80,1,1,1,2,313
1,3,3,2,0,0,4,0,0,40,7,50,41,0,1,0,1,138
1,3,3,2,0,0,4,1,0,35,2,29,33,0,1,0,1,99
0,3,3,2,0,0,4,0,1,10,90,30,21,0,1,1,2,151
0,3,3,2,0,0,4,1,1,25,80,29,23,0,1,1,2,157
1,6,6,2,0,0,4,0,1,10,8,9,3,0,1,0,1,30
1,6,6,2,0,0,4,1,1,15,7,12,7,0,1,0,1,41
0,8,3,2,0,0,4,0,1,70,90,20,21,0,1,1,2,201
0,8,3,2,0,0,4,1,1,75,80,15,20,0,1,1,2,190
0,8,3,2,0,1,4,0,0,78,98,10,11,0,1,1,2,197
0,8,3,2,0,1,4,1,0,79,89,11,14,0,1,1,2,193
0,2,2,2,0,1,4,0,0,16,90,15,11,0,1,1,2,132
0,2,2,2,0,1,4,1,0,17,80,13,10,0,1,1,2,120
1,3,3,2,0,1,4,0,1,40,87,50,41,0,0,1,2,218
1,3,3,2,0,1,4,1,1,35,92,29,33,0,0,1,2,189
0,3,3,2,0,1,4,0,1,14,97,15,14,0,1,1,0,140
0,3,3,2,0,1,4,0,1,13,82,20,30,0,1,1,0,145
0,3,3,2,0,1,4,1,1,24,97,15,14,0,1,1,0,150
0,3,3,2,0,1,4,1,1,23,82,20,30,0,1,1,0,155
1,6,6,2,0,1,4,0,1,20,3,9,3,0,1,0,1,35
1,6,6,2,0,1,4,1,1,15,4,12,7,0,1,0,1,38
1,0,0,2,0,1,4,0,1,5,13,6,6,0,1,0,1,30
1,0,0,2,0,1,4,1,1,7,9,11,10,0,1,0,1,37
0,3,3,2,0,1,4,0,1,10,94,40,11,1,1,1,2,155
0,3,3,2,0,1,4,1,1,25,89,21,13,1,1,1,2,148
1,3,3,2,0,1,4,0,1,30,98,42,21,1,1,1,0,191
1,3,3,2,0,1,4,1,1,35,97,41,23,1,1,1,0,196
1,3,3,2,0,1,4,0,0,32,88,32,25,1,1,1,2,177
1,3,3,2,0,1,4,1,0,25,87,21,27,1,1,1,2,160
0,5,5,2,0,1,4,0,1,72,98,52,15,1,1,1,0,237
0,5,5,2,0,1,4,1,1,75,90,51,17,1,1,1,0,233
1,3,3,2,0,0,0,0,0,20,88,31,28,1,1,0,2,167
1,3,3,2,0,0,0,1,0,10,98,41,38,1,1,0,2,187
1,8,3,2,0,0,0,0,0,90,98,41,38,1,1,1,0,267
1,8,3,2,0,0,0,1,0,80,88,51,39,1,1,1,0,258
1,2,2,2,0,0,0,0,0,80,95,21,28,1,1,1,0,224
1,2,2,2,0,0,0,1,0,78,70,31,29,1,1,1,0,208
1,3,3,2,0,0,0,0,0,10,18,71,38,1,1,0,2,137
1,3,3,2,0,0,0,1,0,10,58,51,48,1,1,0,2,167
0,8,3,2,0,0,0,0,1,98,88,60,31,0,1,1,0,277
0,8,3,2,0,0,0,1,1,75,81,51,34,0,1,1,0,241
1,3,3,2,0,0,0,0,0,10,17,50,21,0,0,1,2,98
1,3,3,2,0,0,0,1,0,35,2,29,23,0,0,1,2,89
0,3,3,2,0,0,0,0,0,10,20,22,97,0,0,0,1,149
0,3,3,2,0,0,0,1,0,5,9,19,98,0,0,0,1,131
1,3,3,2,0,1,0,0,0,10,10,40,51,0,0,0,1,111
1,3,3,2,0,1,0,1,0,35,2,29,23,0,0,0,1,89
1,3,3,2,0,1,0,0,1,20,90,50,61,1,0,0,2,221
1,3,3,2,0,1,0,1,1,32,82,59,63,1,0,0,2,236
1,3,3,2,0,1,0,0,0,10,30,50,91,1,0,0,1,181
1,3,3,2,0,1,0,1,0,12,22,59,83,1,0,0,1,176
0,3,3,2,0,1,0,0,0,11,20,20,98,0,0,0,1,149
0,3,3,2,0,1,0,1,0,10,12,29,93,0,0,0,1,144
1,2,2,2,0,1,0,0,1,69,82,20,28,1,1,1,0,199
1,2,2,2,0,1,0,1,1,70,83,29,33,1,1,1,0,215
0,2,2,2,0,1,0,0,1,89,92,40,28,1,1,1,0,249
0,2,2,2,0,1,0,1,1,79,93,49,23,1,1,1,0,244
1,3,3,2,0,1,0,0,1,15,90,21,97,1,1,1,2,223
1,3,3,2,0,1,0,1,1,20,77,31,88,1,1,1,2,216
1,3,9,2,0,1,0,0,1,4,10,11,7,0,1,0,1,32
1,3,9,2,0,1,0,1,1,5,0,1,8,0,1,0,1,14
0,3,3,1,4,0,1,0,1,88,81,50,10,1,1,0,2,229
0,3,3,1,4,0,1,1,1,90,88,54,12,1,1,0,2,244
0,2,2,1,4,0,1,0,1,86,98,50,20,1,1,1,0,254
0,2,2,1,4,0,1,1,1,90,90,57,22,1,1,1,0,259
1,3,8,1,4,0,1,0,1,78,91,50,40,1,1,1,0,259
1,3,8,1,4,0,1,1,1,70,98,54,72,1,1,1,0,294
1,3,3,1,4,0,1,0,0,80,80,46,61,1,0,1,2,267
1,3,3,1,4,0,1,1,0,85,82,59,63,1,0,1,2,289
1,8,8,1,4,0,1,0,0,88,90,86,81,1,1,1,0,345
1,8,8,1,4,0,1,1,0,89,92,89,83,1,1,1,0,353
1,3,3,1,4,0,1,0,0,39,71,40,26,0,1,0,2,176
1,3,3,1,4,0,1,1,0,35,80,34,22,0,1,0,2,171
1,3,3,1,4,0,1,0,0,76,81,80,86,0,1,1,0,323
1,3,3,1,4,0,1,1,0,65,89,64,82,0,1,1,0,300
0,10,10,1,4,0,1,0,1,96,95,70,70,1,1,1,0,331
0,10,10,1,4,0,1,1,1,80,91,87,72,1,1,1,0,330
1,3,3,1,4,0,1,0,1,2,9,10,1,0,0,0,1,22
1,3,3,1,4,0,1,1,1,3,8,19,3,0,0,0,1,33
1,3,3,1,4,1,1,0,0,50,79,10,31,0,0,1,2,170
1,3,3,1,4,1,1,1,0,53,88,9,33,0,0,1,2,183
0,3,3,1,4,1,1,0,1,70,89,12,21,0,1,1,0,192
0,3,3,1,4,1,1,1,1,59,90,19,43,0,1,1,0,211
1,8,3,1,4,1,1,0,0,78,80,66,51,1,1,1,2,275
1,8,3,1,4,1,1,1,0,79,72,79,83,1,1,1,2,313
0,6,6,1,4,1,1,0,1,10,9,2,1,0,1,0,1,22
0,6,6,1,4,1,1,1,1,9,7,9,3,0,1,0,1,28
1,2,2,1,4,1,1,0,0,98,90,86,71,1,1,1,0,345
1,2,2,1,4,1,1,1,0,89,92,89,83,1,1,1,0,353
1,8,3,1,4,1,1,0,0,88,90,76,81,1,1,1,0,335
1,8,3,1,4,1,1,1,0,99,96,89,84,1,1,1,0,368
0,3,3,1,5,0,2,0,1,82,89,22,31,1,1,1,0,224
0,3,3,1,5,0,2,1,1,84,92,29,43,1,1,1,0,248
0,3,3,1,5,0,5,0,1,70,69,46,45,1,1,0,2,230
0,3,3,1,5,0,5,1,1,74,62,49,43,1,1,0,2,228
0,3,3,1,5,0,5,0,1,90,79,76,79,1,1,1,0,324
0,3,3,1,5,0,5,1,1,84,77,79,68,1,1,1,0,308
1,3,3,1,5,0,2,0,1,80,80,62,11,1,1,0,2,233
1,3,3,1,5,0,2,1,1,81,82,69,13,1,1,0,2,245
1,3,9,1,5,0,2,0,0,10,0,2,41,0,0,0,1,53
1,3,9,1,5,0,2,1,0,11,2,9,49,0,0,0,1,71
1,3,9,1,5,0,5,0,0,85,89,22,61,0,0,1,0,257
1,3,9,1,5,0,5,1,0,80,89,23,68,0,0,1,0,260
1,3,9,1,5,0,5,0,0,95,87,62,81,0,0,1,2,325
1,3,9,1,5,0,5,1,0,87,79,73,98,0,0,1,2,337
1,3,3,1,5,0,2,0,1,85,87,72,10,1,1,0,2,254
1,3,3,1,5,0,2,1,1,79,88,79,20,1,1,0,2,266
1,3,3,1,5,0,5,0,1,80,81,71,30,1,1,1,2,262
1,3,3,1,5,0,5,1,1,70,83,70,23,1,1,1,2,246
1,3,3,1,5,0,2,0,1,80,82,76,19,1,1,1,2,257
1,3,3,1,5,0,2,1,1,70,82,75,29,1,1,1,2,256
1,3,3,1,5,0,5,0,1,89,87,86,15,1,1,1,2,277
1,3,3,1,5,0,5,1,1,90,86,85,10,1,1,1,2,271
1,3,3,1,5,0,6,0,1,69,77,76,75,1,1,0,2,297
1,3,3,1,5,0,6,1,1,70,76,65,70,1,1,0,2,281
1,3,3,1,5,0,2,0,1,75,72,64,39,1,1,0,1,250
1,3,3,1,5,0,2,1,1,72,76,66,40,1,1,0,1,254
1,3,3,1,5,0,5,0,1,77,82,74,79,1,1,1,2,312
1,3,3,1,5,0,5,1,1,71,84,67,80,1,1,1,2,302
1,3,3,1,5,0,6,0,1,87,92,74,89,1,1,1,0,342
1,3,3,1,5,0,6,1,1,81,84,77,85,1,1,1,0,327
0,3,3,1,5,0,2,0,0,15,97,22,10,1,1,1,0,144
0,3,3,1,5,0,2,1,0,19,98,20,2,1,1,1,0,139
0,3,3,1,5,0,5,0,0,25,82,52,20,1,1,0,2,179
0,3,3,1,5,0,5,1,0,29,78,40,12,1,1,0,2,159
0,3,3,1,5,0,6,0,0,45,87,57,80,1,1,1,2,269
0,3,3,1,5,0,6,1,0,39,88,43,72,1,1,1,2,242
0,3,3,1,5,0,2,0,0,85,90,52,30,1,1,1,0,257
0,3,3,1,5,0,2,1,0,79,91,49,22,1,1,1,0,241
1,2,2,1,5,0,2,0,0,90,91,80,81,1,1,1,0,342
1,2,2,1,5,0,2,1,0,80,90,80,83,1,1,1,0,333
1,2,2,1,5,0,5,0,0,80,83,82,71,1,1,0,2,316
1,2,2,1,5,0,5,1,0,71,81,83,72,1,1,0,2,307
1,2,2,1,5,0,6,0,0,72,87,72,89,1,1,0,2,320
1,2,2,1,5,0,6,1,0,69,77,83,92,1,1,0,2,321
0,3,3,1,5,0,2,0,1,85,99,42,90,1,1,1,0,316
0,3,3,1,5,0,2,1,1,89,96,45,92,1,1,1,0,322
0,3,3,1,5,0,5,0,1,80,82,64,58,1,1,1,0,284
0,3,3,1,5,0,5,1,1,87,93,63,60,1,1,1,0,303
0,3,3,1,5,0,2,0,0,15,9,14,80,0,0,0,1,118
0,3,3,1,5,0,2,1,0,9,6,15,85,0,0,0,1,115
1,8,3,1,5,0,6,0,0,81,86,86,41,1,1,1,2,294
1,8,3,1,5,0,6,1,0,78,82,78,53,1,1,1,2,291
1,8,8,1,5,0,5,0,0,80,87,74,68,1,1,1,2,309
1,8,8,1,5,0,5,1,0,85,88,79,70,1,1,1,2,322
0,3,3,1,5,0,2,0,0,2,7,4,8,0,0,0,1,21
0,3,3,1,5,0,2,1,0,5,4,5,8,0,0,0,1,22
0,3,3,1,5,0,5,0,0,50,77,14,28,0,0,1,2,169
0,3,3,1,5,0,5,1,0,55,74,25,29,0,0,1,2,183
0,3,3,1,5,0,6,0,0,30,17,14,57,0,0,0,1,118
0,3,3,1,5,0,6,1,0,35,14,23,62,0,0,0,1,134
